{"sig": "10,11,12,13,14,15,16,17|8192", "obj": {"change": {"label": "change_clean", "cf": false, "nodes": [[14, 1770], [14, 8011], [17, 5345], [14, 6676], [15, 3188], [15, 430], [14, 6658], [12, 2817], [16, 6384], [15, 3807], [13, 846], [12, 5117], [17, 1370], [17, 7332], [13, 5838], [10, 1652], [15, 737], [10, 3254], [15, 119], [13, 4268], [17, 8109], [15, 1727], [16, 7057], [11, 6713], [14, 6270], [14, 7106], [13, 2882], [13, 7922], [13, 3624], [14, 7808], [14, 2410], [15, 2364], [16, 1465], [16, 8027], [10, 3953], [11, 2302], [16, 1886], [12, 3305], [10, 786], [10, 6652], [11, 5419], [10, 3029], [17, 1733], [15, 6921], [14, 4589], [10, 5626], [16, 5503], [10, 7870], [10, 3154], [15, 6897], [14, 8093], [12, 2926], [12, 357], [10, 4779], [11, 5766], [14, 403], [12, 4030], [10, 4766], [14, 5612], [16, 1720], [10, 4065], [10, 6892], [11, 5907], [17, 335], [17, 1848], [15, 5777], [13, 672], [11, 4323], [16, 687], [15, 7687], [10, 1223], [10, 6841], [10, 5643], [15, 3561], [14, 1469], [15, 3121], [10, 4886], [10, 7017], [17, 1630], [17, 4563], [13, 3080], [12, 6000], [10, 7183], [10, 1428], [13, 2540], [10, 8172], [11, 6552], [10, 5466], [14, 2497], [16, 1959], [13, 4016], [15, 2738], [13, 5521], [10, 4959], [15, 6043], [13, 6684]], "n_nodes": 96, "feat_infl": 0.5689777479195754, "err_infl": 0.03399518567312043, "replacement": 0.943620708786732, "replacement_ci": [0.8977388518705373, 0.9532850438473423], "completeness": 0.9739523981024683, "completeness_ci": [0.9729294665239488, 0.9803215688142106], "multihop_share": 0.9964994927360638, "multihop_ci": [0.9488008791058008, 0.998481246658026], "spectral": 0.0, "allpaths": [-0.7506234193680914, 0.0007623680600986407, 0.01669563147674941, 0.05976503683557037, 0.15949023037862414, 0.020384247310350732, 0.02736711615499944, -25.07105212522619, 0.0028241378099517914, 0.011513190955708894, 7.935606483184713, 0.13051846432084768, 0.006698973063976155, -0.007611035240190406, -2.088647907092693, 4.906895867411578, 0.016502104647287977, 1.8835928050735409, 0.011753319186122876, -0.04687903427198368, -0.0065151278445206, 0.010678543804417795, 0.007340883647344398, 3.505505390133467, 0.017832171312451447, 0.018099947968525557, -0.14561852673453796, 0.10961928993055958, 0.1480540484944558, 0.0033829245860502763, -0.0074248677545852146, 0.008056091248109944, 0.0035112133788881353, 0.004853927575091679, 1.9353150196452429, 11.985370114459137, -0.004616724532036043, 1.8405298115659336, 2.8073772458753075, 5.641244394515563, -7.653188176264627, -3.9972942344800373, 0.006899527128553149, -0.017464437529783314, -0.02076773147569368, -1.2074186378286407, 0.00685723210280504, 0.025349545990902084, 11.775892463730171, 0.006658070730104209, -0.034216874449433644, -0.7270204531688662, 0.05950645246489428, 0.04116851667979142, 6.901531220865537, 0.038899161302859794, -9.374355392703237, -3.896312355430085, -0.004755536293698903, 1.4148201963573755e-05, -2.6618533465763075, 3.1977622636336576, -9.896487332657586, 0.002979333628900349, 0.0021283170499373227, -0.006130901576349288, 0.3355301088978696, -6.639767054691533, 0.0025269236020879285, -0.0005266358409725782, -0.13109980035220858, 1.9160298425988955, 2.1496964317881995, 0.0019158825695415906, 0.014461234164634783, -0.0014769969309101948, 1.5147317387256902, 1.4008441292598306, 0.003365648139606492, -0.002837084776956554, 0.05525590899429941, -2.093430904290296, 2.9469134530939383, -0.1806961733411549, 0.1209202572739871, 3.75920303194282, 1.4448681171648152, 0.24840585993294279, -0.01502590243297433, 0.005814956110814005, 0.06591063525959308, -0.0008678684032111241, 0.05212792902227377, 3.218726513351097, -0.00022490499099824023, -0.7814382003562611], "order_nodes": [7, 35, 48, 62, 56, 10, 40, 54, 67, 39, 15, 41, 57, 85, 23, 93, 61, 82, 38, 60, 72, 81, 14, 34, 71, 17, 37, 76, 86, 77, 45, 95, 0, 51, 66, 87, 83, 4, 28, 26, 70, 11, 84, 27, 90, 3, 52, 80, 92, 19, 53, 55, 50, 6, 47, 44, 5, 25, 24, 43, 2, 16, 88, 74, 18, 9, 21, 31, 13, 30, 22, 42, 46, 12, 49, 20, 65, 89, 33, 58, 36, 32, 29, 78, 63, 79, 8, 68, 64, 73, 75, 91, 1, 69, 94, 59]}, "periodicity": {"label": "periodicity", "cf": false, "nodes": [[10, 3867], [10, 2386], [12, 5323], [12, 2556], [10, 1296], [12, 8055], [12, 4198], [10, 4988], [10, 7790], [12, 6705], [12, 6137], [10, 6912], [12, 4378], [13, 2968], [10, 461], [12, 101], [10, 5159], [13, 4225], [10, 7400], [10, 3595], [12, 2149], [13, 7654], [12, 1270], [10, 169], [15, 1434], [13, 6087], [14, 986], [12, 2030], [10, 2253], [12, 5593], [12, 2801], [12, 2023], [14, 3690], [12, 2534], [15, 165], [12, 2493], [13, 1476], [15, 5168], [12, 4754], [10, 7123], [17, 5723], [17, 902], [14, 7825], [15, 4733], [12, 494], [14, 7999], [13, 6506], [10, 942], [15, 1909], [12, 722], [12, 191], [11, 6987], [12, 7800], [10, 2842], [12, 6878], [12, 7957], [14, 5322], [12, 3372], [15, 854], [15, 2088], [14, 4640], [15, 5092], [12, 4326], [10, 3017], [15, 5245], [12, 1963], [10, 2903], [12, 4257], [12, 7170], [10, 6218], [14, 1285], [17, 7244], [10, 4442], [12, 841], [10, 7875], [12, 6613], [13, 4833], [10, 4270], [12, 4222], [16, 8123], [15, 5672], [12, 4778], [10, 2615], [13, 4336], [10, 6547], [13, 2371], [15, 2683], [11, 5823], [15, 441], [12, 6376], [13, 352], [14, 1071], [14, 2153], [12, 2548], [11, 6545], [12, 2602]], "n_nodes": 96, "feat_infl": 0.4408676051244811, "err_infl": 0.010511555188713828, "replacement": 0.9767123582796055, "replacement_ci": [0.9513540040626636, 0.983672766546768], "completeness": 0.9857473495330875, "completeness_ci": [0.974821537815474, 0.9885326114429533], "multihop_share": 0.9598497176718062, "multihop_ci": [0.9155175777912428, 0.9740377702088123], "spectral": 0.0, "allpaths": [-2.0136190536677785, 0.35167464105597884, 0.4367123683102897, -0.08557006718187074, -0.06628699378046181, 0.0952961835252933, -0.035471043455232595, -4.3405124482813715, 0.10369858458888996, 0.08949101712473015, -0.039213987719019044, 0.006627939078300803, -0.05363292566679055, -0.00909827817240847, -0.11013435509401825, 0.004969712082703255, 0.392398161097524, -0.006936516135115248, 0.0059936074759924865, 0.2806778305023285, 0.03414770698733938, -0.03323933428361044, -0.060565492047781194, 0.006992400640605571, 0.004933550146955546, 0.04036089529269657, -0.004923425669368851, -0.019213783429600506, 0.0167400897431809, 0.003409990285006329, -0.01663731141408374, 0.07341895251250438, 0.011310021801936606, -0.006101676294532309, -0.0038582461130380074, 0.0002791860723104986, -0.08822820808877631, 0.0039309628412000485, -0.0003704647261526667, -0.01037669361274439, -0.003529867915858631, -0.0038979848395683824, -0.0033828790436656185, 0.005028744494063903, -0.03866321517296478, 0.002035375874145164, 0.0021032628617098153, 0.11527425674381153, -0.0038821681239006316, 0.027574654429595242, -0.03211908702907429, 0.01933025348200773, 0.001418103680254865, -0.0018298230504418065, -0.007978969926323597, -0.004095898123763863, 0.0053430186015124784, 0.011634524017806694, -0.0035720363929543173, 0.0036030328558284107, 0.009133627382447657, -0.0024015629006842927, 0.027651954552142095, 0.006741661742363972, 0.003475337409792293, -0.010949241350524165, -0.018551719863806646, -0.01080603668526793, 0.1583317390327386, 0.11209643591010146, 0.007042800506918508, 0.0033697941398713738, -0.5141074626482512, 0.006846713320010661, 0.031158722332050914, 0.026641849278232273, -0.0005538140515984961, -0.006616167195961309, -0.009348130816897076, 0.002844394566709204, 0.0032907847137738397, -0.0221805755945029, 0.033920461387727516, 0.006156132790135599, 0.05900946673839989, -0.016541751492627554, 0.005902265972994772, -0.15319026287228202, 0.004750404756508137, -0.01994203617077922, -0.0037794222820942145, -0.002983369102596143, -0.00479418654623416, -0.012919267656276828, -0.012303768822569717, 0.014380610016103901],