{"sig": "10,11,12,13,14,15,16,17|8192", "obj": [{"delta": [1.5, 3.0], "clean_recovery": 0.9130470600718815, "faith_frac_by_k": [[4, 0.47306650119379323], [16, 0.4810497362025293], [64, 0.4786288062543509]]}, {"delta": [0.6, 1.0], "clean_recovery": 0.7863585071469776, "faith_frac_by_k": [[4, 0.9058392251228775], [16, 0.9194381975400372], [64, 0.9032200406043597]]}]}