{"sig": "10,11,12,13,14,15,16,17|8192", "obj": {"small": {"mult": 4, "n_features": 4096, "faith_by_k": {"1": 0.6091528908553958, "2": 0.6091194680197736, "4": 0.6135041446837114, "8": 0.6177627742237252, "16": 0.6199213647538927, "32": 0.6183936171975419, "64": 0.6226547167480941, "128": 0.6256145279324979}, "kstar": 1}, "primary": {"mult": 8, "n_features": 8192, "faith_by_k": {"1": 0.607987004925923, "2": 0.6055900616876405, "4": 0.6103915568628954, "8": 0.6044567332831119, "16": 0.6110320017105152, "32": 0.6102937468166029, "64": 0.6137412511069487, "128": 0.6158399839886666}, "kstar": 1}, "splitting": false}}