{"layer": 14, "scan": [[14, 0.02111186359896017], [12, 0.014357671337315131], [15, 0.012931542022633028], [16, 0.004280441420179606], [17, 0.0035955052936899458], [10, -0.0009479848299258716], [11, -0.002694292343031216], [13, -0.020232954421646795]], "clean_recovery": 0.9060968660481322}