{"n_pairs": 150, "n_seeds": 5, "base_self": 0.9465508390041845, "corr_base": 0.007243894042745011, "mean_true": 0.22482549649408082, "mean_matched": 0.05864966987210496, "mean_shuffled": 0.0636899638654516, "ci_true": [0.14478294758300642, 0.3022375193183181], "paired_diff": 0.1661758266219758, "paired_ci": [0.09101384022865018, 0.24327448749382102], "perm_p": 0.001996007984031936, "ordering_holds": true, "loo_min_mean": 0.16122853374475812, "loo_ci": [0.08956469042091478, 0.2378002512003246], "loo_survives": true, "lso_ci": {"0": [0.07037879027269703, 0.21932493926661112], "1": [0.07341904728260182, 0.2521817410348815], "2": [0.07877423474465055, 0.2585326497079443], "3": [0.06967457755997207, 0.2516675868273046], "4": [0.12544782982051197, 0.269551305868661]}, "lso_survives": true, "per_seed_diff": {"0": 0.2657655627120149, "1": 0.18879578955271858, "2": 0.13775102762467167, "3": 0.18747651859836822, "4": 0.05109023462210563}, "replicates": true, "n_seeds_positive": 5, "scale_ratio": 1.1176187429233149, "scale_ok": true, "suf_gain": 0.023818377663016404, "localization": {"all_layers": 0.30148625208131874, "band": 0.09892613817541773, "posttau": 0.2826014976426465, "per_layer": {"0": 0.02849570846642635, "1": -0.000510559236710173, "2": -0.014625286997000053, "3": -0.01588415447397462, "4": -0.01986391651948649, "5": -0.0063917342813567535, "6": -0.003909788720326879, "7": 0.001728420762206806, "8": 0.006178314454969525, "9": 0.014576554046412005, "10": -0.01097021349134042, "11": -0.01271710822548755, "12": 0.028692827171300617, "13": -0.0020702752708049443, "14": 0.012694722233182354, "15": 0.008304700536418852, "16": 0.0028805189623329897, "17": 0.0855389426649823, "18": -0.023159945999769227, "19": -0.010090331377161754, "20": 0.009866584740697015, "21": 0.002975714637991178, "22": 0.002362612620541049, "23": 0.0036482306051670577}, "headgroups": {"0-8": -0.006763901545580819, "8-16": 0.01753542277176867}, "best_single": 0.0855389426649823, "best_headgroup": 0.01753542277176867, "localized": true}, "matched_scope": {"clean_rec": 0.92751229919754, "feat_fullband_drop": 0.2363850882557922, "feat_fullband_retained": 0.7451407427031275}, "attn_fullswap_drop": 0.30148625208131874, "attn_fullswap_retained": 0.681489639570345, "pct_recovery_removed": 0.23752078055881276, "paired_mde": 0.07613032363258543, "qk_earned": true, "pat_noise_drop": 0.22482549649408082, "pat_noise_ci": [0.14478294758300642, 0.3022375193183181], "null_noise_drop": 0.0636899638654516, "pat_denoise_gain": 0.023818377663016404, "pattern_necessary": true}