{"sig": "10,11,12,13,14,15,16,17|8192", "obj": {"small": {"mult": 4, "n_features": 4096, "faith_by_k": {"1": 0.604844381060779, "2": 0.615029467249852, "4": 0.6106355568560579, "8": 0.6146947035771659, "16": 0.6215377792362637, "32": 0.6146168352921305, "64": 0.6264991650072981, "128": 0.6235747891796825}, "kstar": 1}, "primary": {"mult": 8, "n_features": 8192, "faith_by_k": {"1": 0.604314339381902, "2": 0.6123966840639801, "4": 0.6076024756627206, "8": 0.6102572824449042, "16": 0.6138484294781579, "32": 0.6068121874965164, "64": 0.6138544067748765, "128": 0.6136727654792142}, "kstar": 1}, "splitting": false}}