{"n_pairs": 150, "n_seeds": 5, "base_self": 0.9465508390041845, "corr_base": 0.007243894042745011, "mean_true": 0.22482549649408082, "mean_matched": 0.05864966987210496, "mean_shuffled": 0.0636899638654516, "ci_true": [0.14478294758300642, 0.3022375193183181], "paired_diff": 0.1661758266219758, "paired_ci": [0.09101384022865018, 0.24327448749382102], "perm_p": 0.001996007984031936, "ordering_holds": true, "loo_min_mean": 0.16122853374475812, "loo_ci": [0.08956469042091478, 0.2378002512003246], "loo_survives": true, "lso_ci": {"0": [0.07037879027269703, 0.21932493926661112], "1": [0.07341904728260182, 0.2521817410348815], "2": [0.07877423474465055, 0.2585326497079443], "3": [0.06967457755997207, 0.2516675868273046], "4": [0.12544782982051197, 0.269551305868661]}, "lso_survives": true, "per_seed_diff": {"0": 0.2657655627120149, "1": 0.18879578955271858, "2": 0.13775102762467167, "3": 0.18747651859836822, "4": 0.05109023462210563}, "replicates": true, "n_seeds_positive": 5, "scale_ratio": 1.1176187429233149, "scale_ok": true, "suf_gain": 0.023818377663016404, "localization": {"all_layers": 0.3123402934533934, "band": 0.10075142494757683, "posttau": 0.28454627855528136, "per_layer": {"0": 0.03042720428880641, "1": 0.005607525194693541, "2": -0.01055065276780398, "3": -0.008698935082421921, "4": -0.013303833868898551, "5": 0.006297559562080335, "6": 0.0022338940594462953, "7": 0.006795905811388447, "8": 0.02054019865623624, "9": 0.023578719482756805, "10": -0.005855856063772924, "11": -0.010953955073692123, "12": 0.02568105825142064, "13": 0.00034738475162032767, "14": 0.023617150042736235, "15": 0.010273468452789536, "16": 0.0011573912025266697, "17": 0.07532789006988572, "18": -0.0185054365063948, "19": -0.002084322244980008, "20": 0.017047571841822817, "21": 0.013832833881186613, "22": 0.002468216762459896, "23": 0.006353993573121719}, "headgroups": {"0-8": -0.009572544890751766, "8-16": 0.026860237157253608}, "best_single": 0.07532789006988572, "best_headgroup": 0.026860237157253608, "localized": true}, "matched_scope": {"clean_rec": 0.92751229919754, "feat_fullband_drop": 0.2363850882557922, "feat_fullband_retained": 0.7451407427031275}, "attn_fullswap_drop": 0.3123402934533934, "attn_fullswap_retained": 0.6700227000144896, "pct_recovery_removed": 0.23752078055881276, "paired_mde": 0.07613032363258543, "qk_earned": true, "pat_noise_drop": 0.22482549649408082, "pat_noise_ci": [0.14478294758300642, 0.3022375193183181], "null_noise_drop": 0.0636899638654516, "pat_denoise_gain": 0.023818377663016404, "pattern_necessary": true}