{"base_clean": 0.9745013989614644, "base_corr": 0.007519654863030675, "pat_noise_drop": 0.18382291681164767, "pat_noise_ci": [0.06670823591240013, 0.3812778018775984], "pat_denoise_gain": 0.02260911199186437, "pat_denoise_ci": [0.006650362270469164, 0.03820594948742371], "null_noise_drop": 0.05674768959132473, "null_noise_ci": [0.02798262641814081, 0.08662696829908376], "pattern_necessary": true}