{"sig": "10,11,12,13,14,15,16,17|8192", "obj": [{"delta": [1.5, 3.0], "clean_recovery": 0.911711782560785, "faith_frac_by_k": [[4, 0.48099953140134993], [16, 0.47523283390471843], [64, 0.49010529086694116]]}, {"delta": [0.6, 1.0], "clean_recovery": 0.7887025984842074, "faith_frac_by_k": [[4, 0.9137078823225081], [16, 0.911454415310207], [64, 0.917770465649587]]}, {"delta": [0.3, 0.45], "clean_recovery": 0.728074696114979, "faith_frac_by_k": [[4, 0.9453927416344126], [16, 0.9536228952550824], [64, 0.9506238716364701]]}]}